id;first_name;middle_name;last_name;maiden_name;gender;contact_info_id
1;Ayana;Jewelery utilize;Medhurst;National Ghana;MALE;1
2;Greyson;visualize;Bogan;Incredible empower;MALE;2
3;Clarabelle;Forint Franc;Beier;Plastic Handcrafted Investor;FEMALE;3
4;Winnifred;connect;Cassin;Sausages model Designer;MALE;4
5;Kevon;Sausages Buckinghamshire;Hintz;services;FEMALE;5
6;Daisy;SMTP user Unbranded;Anderson;Guiana Cotton;OTHER;6
7;Cordelia;invoice;Glover;Loan dedicated array;OTHER;7
8;Jasper;Strategist Kids payment;Cummings;Analyst Keyboard Ergonomic;MALE;8
9;Valerie;compress zero;Adams;magenta compress;OTHER;9
10;Brionna;Concrete Small;Buckridge;Awesome Future Concrete;MALE;10
